sensor_id,timestamp,temperature,humidity,location,sensor_type
1051,2025-04-06 14:27:56,32.52,30.41,BuildingB_Floor2,TypeB
1031,2025-04-02 06:43:22,20.84,69.12,BuildingA_Floor2,TypeB
1099,2025-04-06 09:45:21,25.1,78.53,BuildingB_Floor2,TypeB
1008,2025-04-06 16:51:59,24.88,74.23,BuildingA_Floor1,TypeC
1005,2025-04-02 19:57:19,19.33,74.39,BuildingA_Floor2,TypeB
1065,2025-04-05 05:59:19,15.02,74.86,BuildingA_Floor1,TypeB
1051,2025-04-03 04:40:23,17.45,38.95,BuildingB_Floor1,TypeB
1082,2025-04-04 16:36:28,30.25,45.68,BuildingB_Floor2,TypeA
1075,2025-04-05 23:07:59,28.49,48.0,BuildingB_Floor2,TypeB
1095,2025-04-06 06:07:35,15.62,72.65,BuildingB_Floor1,TypeC
1038,2025-04-04 23:25:51,21.28,67.67,BuildingB_Floor2,TypeC
1042,2025-04-03 02:11:23,20.08,62.63,BuildingB_Floor2,TypeA
1022,2025-04-03 02:19:21,24.53,30.45,BuildingA_Floor2,TypeA
1069,2025-04-02 06:42:09,23.1,53.28,BuildingA_Floor2,TypeC
1054,2025-04-06 06:48:42,27.66,68.14,BuildingB_Floor1,TypeB
1032,2025-04-05 03:06:10,20.45,75.59,BuildingB_Floor1,TypeC
1064,2025-04-05 02:01:06,31.34,33.66,BuildingB_Floor1,TypeB
1048,2025-04-02 19:07:02,25.98,31.5,BuildingA_Floor1,TypeB
1000,2025-04-05 13:36:36,26.09,50.5,BuildingA_Floor2,TypeB
1070,2025-04-03 07:15:01,19.55,76.2,BuildingA_Floor2,TypeA
1090,2025-04-04 20:25:47,24.96,74.11,BuildingA_Floor1,TypeA
1012,2025-04-02 10:48:40,22.32,66.87,BuildingA_Floor2,TypeB
1060,2025-04-02 03:41:08,22.12,79.25,BuildingB_Floor2,TypeB
1078,2025-04-03 14:46:17,16.43,71.1,BuildingA_Floor1,TypeC
1055,2025-04-02 23:11:03,15.66,40.83,BuildingB_Floor2,TypeC
1049,2025-04-03 12:26:47,25.36,73.95,BuildingB_Floor1,TypeB
1079,2025-04-05 10:46:44,33.27,47.01,BuildingB_Floor2,TypeB
1043,2025-04-04 11:35:02,24.09,41.18,BuildingB_Floor2,TypeC
1050,2025-04-02 15:06:56,23.07,55.52,BuildingB_Floor1,TypeC
1011,2025-04-06 20:45:38,24.76,56.91,BuildingA_Floor1,TypeC
1044,2025-04-02 18:35:01,15.97,55.77,BuildingB_Floor2,TypeB
1096,2025-04-05 16:56:00,21.41,47.38,BuildingB_Floor1,TypeB
1051,2025-04-04 07:23:56,25.45,42.88,BuildingB_Floor2,TypeC
1002,2025-04-02 05:57:38,29.33,55.08,BuildingB_Floor2,TypeB
1083,2025-04-06 04:32:26,21.51,62.39,BuildingA_Floor2,TypeA
1096,2025-04-02 05:59:26,28.23,79.41,BuildingA_Floor1,TypeA
1047,2025-04-02 15:18:45,16.59,61.1,BuildingA_Floor1,TypeB
1066,2025-04-05 12:12:53,31.07,54.43,BuildingB_Floor2,TypeB
1052,2025-04-04 13:22:31,16.24,73.83,BuildingA_Floor1,TypeA
1015,2025-04-07 00:27:50,30.44,65.52,BuildingB_Floor2,TypeB
1002,2025-04-03 18:17:41,18.36,45.91,BuildingA_Floor2,TypeB
1044,2025-04-03 19:23:07,19.63,37.54,BuildingA_Floor1,TypeC
1063,2025-04-05 22:02:29,34.03,31.9,BuildingB_Floor1,TypeC
1027,2025-04-06 19:27:18,31.0,65.45,BuildingB_Floor1,TypeB
1076,2025-04-03 20:22:28,18.17,47.83,BuildingB_Floor2,TypeA
1091,2025-04-03 22:51:59,17.23,44.59,BuildingB_Floor2,TypeA
1075,2025-04-04 20:17:15,27.26,34.99,BuildingB_Floor1,TypeC
1051,2025-04-06 23:50:51,23.84,49.78,BuildingA_Floor1,TypeC
1030,2025-04-05 05:49:00,29.71,42.47,BuildingB_Floor1,TypeA
1082,2025-04-07 00:33:23,15.83,39.4,BuildingB_Floor2,TypeB
1059,2025-04-03 23:49:11,22.04,73.92,BuildingB_Floor2,TypeB
1031,2025-04-04 11:31:03,16.72,74.16,BuildingA_Floor1,TypeB
1004,2025-04-02 12:28:55,28.75,39.76,BuildingA_Floor1,TypeB
1017,2025-04-04 09:01:07,19.5,62.75,BuildingB_Floor2,TypeA
1058,2025-04-04 19:11:39,19.52,67.2,BuildingA_Floor2,TypeC
1099,2025-04-04 10:56:13,15.33,38.52,BuildingB_Floor2,TypeA
1075,2025-04-04 03:21:46,32.99,34.08,BuildingB_Floor1,TypeC
1062,2025-04-05 02:32:27,18.94,71.61,BuildingB_Floor1,TypeA
1051,2025-04-03 22:47:53,26.54,39.75,BuildingA_Floor2,TypeA
1082,2025-04-04 19:51:06,23.07,41.9,BuildingB_Floor2,TypeA
1005,2025-04-04 07:06:56,18.11,70.34,BuildingA_Floor1,TypeB
1054,2025-04-06 01:21:44,22.98,37.68,BuildingB_Floor1,TypeB
1066,2025-04-03 01:41:05,27.84,60.96,BuildingB_Floor2,TypeB
1006,2025-04-02 11:29:40,22.54,79.77,BuildingB_Floor1,TypeC
1032,2025-04-06 10:09:04,17.73,35.87,BuildingA_Floor2,TypeA
1080,2025-04-06 08:43:21,22.25,57.33,BuildingB_Floor1,TypeC
1021,2025-04-03 04:42:14,24.67,39.89,BuildingA_Floor2,TypeA
1001,2025-04-02 15:54:44,32.78,60.04,BuildingB_Floor2,TypeA
1021,2025-04-03 11:59:40,19.65,60.97,BuildingA_Floor1,TypeC
1004,2025-04-03 05:49:42,18.24,65.81,BuildingB_Floor2,TypeA
1004,2025-04-04 05:27:05,31.64,63.07,BuildingA_Floor1,TypeB
1075,2025-04-03 13:54:48,20.53,57.65,BuildingA_Floor1,TypeC
1045,2025-04-03 06:33:20,19.18,46.12,BuildingB_Floor1,TypeA
1045,2025-04-03 04:57:36,22.0,58.92,BuildingB_Floor1,TypeA
1053,2025-04-06 13:19:30,27.19,39.13,BuildingA_Floor1,TypeC
1036,2025-04-06 07:06:43,21.23,38.23,BuildingB_Floor1,TypeC
1030,2025-04-03 02:57:05,22.34,30.04,BuildingA_Floor2,TypeC
1008,2025-04-06 23:19:04,31.12,76.76,BuildingB_Floor2,TypeA
1036,2025-04-03 19:42:10,33.01,32.57,BuildingA_Floor2,TypeA
1033,2025-04-05 13:12:32,24.93,42.54,BuildingB_Floor1,TypeC
1067,2025-04-06 19:32:11,30.93,45.27,BuildingB_Floor1,TypeB
1050,2025-04-05 14:21:30,16.0,73.2,BuildingA_Floor1,TypeC
1080,2025-04-03 02:20:48,17.74,58.79,BuildingB_Floor1,TypeA
1008,2025-04-06 22:37:19,17.54,70.42,BuildingB_Floor2,TypeB
1005,2025-04-04 18:10:29,29.26,77.91,BuildingA_Floor1,TypeA
1021,2025-04-02 21:50:11,22.23,59.76,BuildingB_Floor1,TypeC
1012,2025-04-04 12:36:47,26.78,75.0,BuildingA_Floor1,TypeB
1074,2025-04-04 10:54:48,19.84,37.04,BuildingA_Floor1,TypeC
1086,2025-04-02 11:12:14,21.29,65.92,BuildingA_Floor1,TypeB
1098,2025-04-03 03:30:55,26.13,79.71,BuildingB_Floor2,TypeA
1048,2025-04-05 03:05:57,22.96,70.06,BuildingA_Floor1,TypeC
1074,2025-04-03 03:21:40,18.4,73.23,BuildingA_Floor1,TypeB
1092,2025-04-06 07:52:51,31.21,35.56,BuildingB_Floor2,TypeA
1097,2025-04-06 21:04:59,32.93,70.12,BuildingB_Floor2,TypeB
1092,2025-04-02 11:07:28,27.19,67.95,BuildingB_Floor1,TypeC
1025,2025-04-02 19:40:37,23.42,69.53,BuildingB_Floor1,TypeC
1029,2025-04-06 07:14:31,16.52,79.92,BuildingA_Floor2,TypeC
1026,2025-04-02 01:01:35,28.52,70.59,BuildingB_Floor2,TypeC
1075,2025-04-04 09:54:45,29.77,74.65,BuildingA_Floor2,TypeB
1014,2025-04-04 16:09:38,30.94,76.31,BuildingB_Floor1,TypeC
1089,2025-04-04 07:48:53,25.57,36.6,BuildingA_Floor1,TypeA
1094,2025-04-06 16:14:11,25.88,56.87,BuildingB_Floor2,TypeB
1098,2025-04-04 09:46:53,18.03,77.24,BuildingA_Floor2,TypeC
1090,2025-04-05 11:32:04,22.97,57.75,BuildingA_Floor2,TypeB
1000,2025-04-06 10:40:53,33.83,54.73,BuildingA_Floor1,TypeB
1085,2025-04-06 13:28:49,25.73,78.35,BuildingA_Floor1,TypeC
1003,2025-04-04 05:17:28,25.05,76.16,BuildingA_Floor1,TypeC
1080,2025-04-05 10:35:30,30.97,33.49,BuildingA_Floor2,TypeB
1047,2025-04-04 10:02:33,31.73,46.85,BuildingA_Floor1,TypeB
1029,2025-04-05 23:34:38,22.67,61.93,BuildingB_Floor1,TypeC
1003,2025-04-05 04:56:56,26.47,49.88,BuildingB_Floor1,TypeB
1074,2025-04-02 22:17:40,32.96,41.78,BuildingB_Floor2,TypeB
1021,2025-04-03 16:24:11,31.15,63.13,BuildingA_Floor2,TypeB
1074,2025-04-04 11:57:55,17.83,43.24,BuildingA_Floor2,TypeB
1070,2025-04-03 01:41:24,27.41,60.0,BuildingB_Floor2,TypeC
1095,2025-04-05 09:00:18,20.28,76.93,BuildingB_Floor1,TypeA
1040,2025-04-05 02:10:52,23.28,54.38,BuildingA_Floor2,TypeA
1029,2025-04-05 19:36:26,23.51,44.14,BuildingB_Floor2,TypeA
1057,2025-04-05 03:47:31,23.3,38.23,BuildingB_Floor2,TypeA
1049,2025-04-02 05:06:18,15.96,37.84,BuildingA_Floor2,TypeA
1032,2025-04-04 11:07:09,15.25,38.69,BuildingB_Floor2,TypeC
1092,2025-04-02 02:00:48,15.44,38.24,BuildingB_Floor1,TypeA
1083,2025-04-04 16:14:45,29.2,56.06,BuildingA_Floor2,TypeA
1070,2025-04-02 02:02:56,19.54,41.17,BuildingA_Floor2,TypeC
1046,2025-04-04 01:16:06,32.93,74.75,BuildingA_Floor2,TypeC
1054,2025-04-03 07:12:00,32.32,45.33,BuildingB_Floor1,TypeB
1098,2025-04-03 03:58:50,21.95,41.72,BuildingA_Floor1,TypeC
1015,2025-04-02 00:40:05,21.32,32.85,BuildingA_Floor2,TypeC
1046,2025-04-03 15:50:36,31.69,35.18,BuildingA_Floor2,TypeC
1023,2025-04-05 07:04:01,29.79,56.68,BuildingA_Floor2,TypeA
1038,2025-04-05 01:24:27,31.86,33.08,BuildingB_Floor2,TypeC
1087,2025-04-05 10:20:45,25.06,54.22,BuildingA_Floor1,TypeA
1093,2025-04-03 00:42:49,15.54,56.78,BuildingA_Floor1,TypeB
1027,2025-04-04 08:44:18,21.56,63.91,BuildingA_Floor1,TypeC
1025,2025-04-03 05:06:22,31.27,49.1,BuildingA_Floor1,TypeA
1024,2025-04-02 02:38:13,26.27,76.35,BuildingA_Floor1,TypeA
1047,2025-04-02 13:24:15,20.47,70.83,BuildingB_Floor1,TypeA
1018,2025-04-02 13:41:38,31.8,36.84,BuildingB_Floor2,TypeA
1085,2025-04-04 08:08:19,26.5,62.36,BuildingB_Floor1,TypeB
1069,2025-04-05 17:45:00,21.29,49.37,BuildingA_Floor1,TypeA
1038,2025-04-06 21:14:15,28.73,33.79,BuildingA_Floor2,TypeC
1042,2025-04-04 12:27:26,20.69,65.44,BuildingA_Floor1,TypeA
1041,2025-04-04 22:35:19,28.0,64.47,BuildingA_Floor1,TypeA
1000,2025-04-05 21:20:10,32.85,53.16,BuildingB_Floor1,TypeB
1028,2025-04-03 02:56:48,34.19,71.78,BuildingA_Floor1,TypeA
1076,2025-04-04 15:55:28,28.55,67.6,BuildingB_Floor2,TypeB
1033,2025-04-05 03:08:56,22.25,32.51,BuildingA_Floor2,TypeA
1097,2025-04-03 02:05:56,24.08,73.97,BuildingB_Floor1,TypeA
1083,2025-04-06 10:58:09,21.84,33.9,BuildingA_Floor1,TypeA
1025,2025-04-06 10:34:15,15.66,42.92,BuildingA_Floor1,TypeC
1001,2025-04-03 20:44:22,33.61,71.67,BuildingA_Floor2,TypeC
1012,2025-04-04 08:44:23,30.1,35.74,BuildingB_Floor1,TypeC
1000,2025-04-05 12:50:58,34.24,33.08,BuildingA_Floor1,TypeC
1028,2025-04-05 12:26:01,25.48,51.0,BuildingA_Floor1,TypeC
1003,2025-04-04 08:44:24,15.08,31.31,BuildingB_Floor1,TypeA
1079,2025-04-02 08:21:25,16.41,44.21,BuildingA_Floor1,TypeB
1028,2025-04-05 14:22:26,21.44,49.9,BuildingA_Floor2,TypeA
1077,2025-04-04 22:29:14,20.95,67.78,BuildingB_Floor1,TypeC
1058,2025-04-02 01:38:10,33.8,51.27,BuildingB_Floor1,TypeA
1087,2025-04-04 09:57:29,33.66,59.92,BuildingB_Floor1,TypeA
1057,2025-04-02 12:41:04,29.66,79.1,BuildingB_Floor1,TypeB
1012,2025-04-04 20:31:19,24.56,66.24,BuildingB_Floor1,TypeA
1045,2025-04-03 00:31:26,22.84,44.04,BuildingA_Floor2,TypeA
1025,2025-04-06 16:14:41,29.85,69.67,BuildingB_Floor1,TypeA
1007,2025-04-03 06:21:39,30.7,51.82,BuildingA_Floor1,TypeB
1024,2025-04-03 22:31:26,29.67,67.81,BuildingA_Floor1,TypeA
1070,2025-04-06 11:56:04,22.31,64.82,BuildingA_Floor1,TypeA
1073,2025-04-06 13:02:28,33.1,76.73,BuildingB_Floor2,TypeB
1087,2025-04-03 19:22:31,17.95,42.04,BuildingB_Floor1,TypeA
1047,2025-04-02 01:17:40,18.11,68.85,BuildingA_Floor1,TypeC
1049,2025-04-04 22:42:27,25.3,64.75,BuildingA_Floor1,TypeB
1069,2025-04-02 13:31:49,23.5,69.82,BuildingB_Floor1,TypeC
1013,2025-04-06 17:12:16,21.4,70.43,BuildingB_Floor1,TypeC
1029,2025-04-03 12:52:23,19.61,57.02,BuildingB_Floor2,TypeC
1066,2025-04-06 21:37:58,25.23,65.21,BuildingA_Floor2,TypeB
1058,2025-04-05 07:38:24,29.83,78.06,BuildingA_Floor1,TypeB
1067,2025-04-02 22:08:24,28.91,76.24,BuildingA_Floor2,TypeC
1051,2025-04-02 15:09:29,25.79,66.67,BuildingB_Floor2,TypeC
1087,2025-04-05 02:22:33,27.22,37.64,BuildingA_Floor2,TypeA
1021,2025-04-03 09:14:36,21.79,72.05,BuildingB_Floor2,TypeB
1027,2025-04-05 18:49:50,16.07,44.87,BuildingA_Floor2,TypeC
1048,2025-04-02 15:13:25,17.11,71.01,BuildingB_Floor1,TypeC
1015,2025-04-03 15:39:26,24.88,75.74,BuildingB_Floor2,TypeC
1034,2025-04-02 12:13:23,17.98,77.95,BuildingA_Floor2,TypeB
1029,2025-04-02 20:06:53,20.06,53.14,BuildingB_Floor1,TypeB
1092,2025-04-06 18:30:16,23.45,47.76,BuildingA_Floor2,TypeA
1006,2025-04-05 01:48:38,28.56,32.04,BuildingA_Floor2,TypeB
1088,2025-04-02 01:30:22,34.75,38.58,BuildingA_Floor2,TypeC
1080,2025-04-05 11:34:04,26.41,31.19,BuildingB_Floor2,TypeA
1031,2025-04-05 07:28:34,34.65,31.01,BuildingB_Floor2,TypeB
1043,2025-04-04 10:17:25,19.21,32.91,BuildingB_Floor1,TypeA
1024,2025-04-02 11:21:04,17.18,54.47,BuildingB_Floor1,TypeA
1032,2025-04-06 01:51:57,16.98,79.06,BuildingA_Floor2,TypeC
1020,2025-04-05 11:10:35,26.62,42.35,BuildingA_Floor2,TypeA
1086,2025-04-03 05:45:39,31.69,67.77,BuildingA_Floor2,TypeA
1045,2025-04-05 18:07:04,25.47,73.97,BuildingA_Floor2,TypeB
1079,2025-04-05 13:38:04,32.78,66.46,BuildingA_Floor1,TypeA
1003,2025-04-03 10:44:03,15.8,39.62,BuildingA_Floor2,TypeB
1001,2025-04-06 07:11:30,32.47,36.57,BuildingA_Floor1,TypeA
1078,2025-04-06 14:08:04,20.54,43.58,BuildingA_Floor1,TypeC
1064,2025-04-03 10:13:33,27.9,66.88,BuildingB_Floor1,TypeB
1080,2025-04-05 18:33:07,31.84,45.59,BuildingA_Floor2,TypeB
1009,2025-04-03 06:37:15,28.18,36.06,BuildingB_Floor1,TypeB
1048,2025-04-03 21:19:47,15.45,67.17,BuildingA_Floor2,TypeA
1098,2025-04-02 03:54:51,23.99,42.0,BuildingA_Floor1,TypeA
1022,2025-04-03 08:10:24,31.25,35.54,BuildingA_Floor2,TypeC
1001,2025-04-02 07:33:27,29.3,58.58,BuildingB_Floor1,TypeA
1020,2025-04-05 23:39:38,16.99,70.5,BuildingA_Floor2,TypeB
1047,2025-04-06 01:57:31,23.47,77.62,BuildingA_Floor1,TypeB
1090,2025-04-05 17:14:48,28.29,36.99,BuildingB_Floor2,TypeB
1079,2025-04-02 09:05:45,18.3,78.55,BuildingB_Floor2,TypeC
1039,2025-04-03 23:34:14,28.88,52.15,BuildingB_Floor2,TypeA
1037,2025-04-02 18:04:04,29.82,65.91,BuildingA_Floor1,TypeC
1093,2025-04-06 23:18:25,34.62,75.87,BuildingB_Floor1,TypeB
1014,2025-04-05 13:15:55,22.16,65.94,BuildingA_Floor2,TypeB
1000,2025-04-04 21:48:08,27.59,66.44,BuildingB_Floor2,TypeA
1086,2025-04-02 17:05:35,20.56,47.93,BuildingB_Floor2,TypeB
1100,2025-04-03 13:44:48,23.08,53.37,BuildingA_Floor1,TypeA
1090,2025-04-02 04:20:32,30.55,79.28,BuildingB_Floor1,TypeC
1067,2025-04-04 02:05:55,18.75,39.31,BuildingB_Floor1,TypeA
1068,2025-04-06 10:39:09,22.46,65.74,BuildingA_Floor1,TypeA
1007,2025-04-02 22:53:28,18.29,51.36,BuildingB_Floor1,TypeA
1052,2025-04-06 19:17:14,20.45,52.73,BuildingA_Floor2,TypeC
1020,2025-04-04 05:50:28,18.26,62.1,BuildingA_Floor1,TypeC
1008,2025-04-03 20:04:51,24.37,53.91,BuildingA_Floor2,TypeA
1065,2025-04-05 17:38:24,21.51,52.48,BuildingB_Floor1,TypeA
1000,2025-04-05 14:23:03,25.84,72.62,BuildingA_Floor2,TypeB
1004,2025-04-02 23:29:11,23.36,47.68,BuildingA_Floor1,TypeB
1013,2025-04-05 09:50:50,25.42,54.54,BuildingB_Floor1,TypeB
1077,2025-04-06 20:51:54,15.34,75.68,BuildingA_Floor2,TypeA
1032,2025-04-02 15:35:54,22.01,52.34,BuildingA_Floor1,TypeC
1094,2025-04-03 20:26:40,18.59,49.38,BuildingA_Floor2,TypeC
1098,2025-04-02 01:21:16,22.33,36.75,BuildingB_Floor2,TypeA
1063,2025-04-04 05:02:17,20.39,31.44,BuildingB_Floor1,TypeB
1099,2025-04-05 01:47:42,33.56,48.18,BuildingA_Floor1,TypeB
1059,2025-04-06 16:27:55,31.0,71.89,BuildingA_Floor2,TypeA
1030,2025-04-05 08:08:37,20.18,75.74,BuildingB_Floor2,TypeA
1011,2025-04-05 19:31:23,24.88,74.23,BuildingA_Floor1,TypeA
1012,2025-04-05 01:47:04,17.2,75.75,BuildingB_Floor2,TypeC
1100,2025-04-04 05:11:55,27.73,59.34,BuildingB_Floor1,TypeC
1094,2025-04-02 17:29:22,23.15,76.04,BuildingA_Floor2,TypeA
1012,2025-04-04 11:40:47,22.32,75.81,BuildingA_Floor2,TypeC
1044,2025-04-06 18:28:52,25.44,60.58,BuildingA_Floor2,TypeB
1018,2025-04-05 22:36:12,34.91,44.77,BuildingA_Floor2,TypeC
1011,2025-04-04 13:34:45,19.48,73.58,BuildingB_Floor1,TypeB
1037,2025-04-04 13:14:48,18.03,57.36,BuildingB_Floor1,TypeA
1091,2025-04-06 18:08:42,26.96,66.05,BuildingB_Floor1,TypeC
1093,2025-04-05 18:04:35,27.75,52.2,BuildingA_Floor2,TypeC
1069,2025-04-04 16:30:42,21.46,43.28,BuildingB_Floor1,TypeC
1097,2025-04-03 04:56:22,31.69,70.16,BuildingB_Floor1,TypeC
1053,2025-04-04 23:02:14,17.78,78.6,BuildingB_Floor1,TypeC
1092,2025-04-04 16:03:27,17.88,63.39,BuildingA_Floor2,TypeA
1081,2025-04-04 14:05:50,32.15,62.49,BuildingB_Floor1,TypeC
1081,2025-04-04 14:23:48,17.52,64.91,BuildingA_Floor2,TypeC
1009,2025-04-05 03:31:05,16.16,77.22,BuildingA_Floor1,TypeA
1023,2025-04-05 15:32:50,34.5,50.76,BuildingB_Floor2,TypeC
1041,2025-04-06 03:30:21,30.61,68.92,BuildingA_Floor2,TypeC
1031,2025-04-02 20:11:45,33.19,43.86,BuildingA_Floor1,TypeA
1033,2025-04-06 13:03:16,31.12,63.69,BuildingA_Floor1,TypeA
1005,2025-04-02 07:04:22,25.08,43.73,BuildingB_Floor1,TypeC
1008,2025-04-02 23:30:49,18.54,36.3,BuildingA_Floor2,TypeC
1010,2025-04-05 06:11:15,33.31,40.61,BuildingB_Floor1,TypeB
1062,2025-04-03 22:24:57,25.72,45.31,BuildingA_Floor1,TypeA
1033,2025-04-06 09:50:21,23.72,73.11,BuildingA_Floor1,TypeC
1057,2025-04-06 21:53:31,18.04,45.82,BuildingB_Floor1,TypeA
1081,2025-04-03 09:34:20,21.02,72.11,BuildingB_Floor2,TypeB
1025,2025-04-03 04:36:39,29.6,71.66,BuildingA_Floor2,TypeC
1096,2025-04-05 05:41:49,24.26,46.96,BuildingA_Floor2,TypeC
1022,2025-04-05 12:46:02,33.54,47.91,BuildingA_Floor1,TypeC
1039,2025-04-03 03:55:33,15.26,38.06,BuildingA_Floor1,TypeC
1024,2025-04-03 12:03:35,34.09,30.29,BuildingA_Floor2,TypeA
1015,2025-04-03 09:08:39,26.41,40.38,BuildingA_Floor1,TypeA
1071,2025-04-02 12:04:05,29.01,52.12,BuildingB_Floor2,TypeA
1024,2025-04-02 21:57:32,25.57,75.12,BuildingA_Floor2,TypeC
1038,2025-04-06 06:41:13,26.48,46.43,BuildingA_Floor1,TypeB
1050,2025-04-05 02:42:51,22.31,63.68,BuildingA_Floor2,TypeA
1096,2025-04-02 15:55:54,20.89,63.78,BuildingB_Floor1,TypeB
1062,2025-04-05 04:16:35,15.24,44.26,BuildingB_Floor1,TypeA
1008,2025-04-03 10:56:12,15.02,33.04,BuildingB_Floor2,TypeC
1067,2025-04-03 20:54:15,27.3,67.94,BuildingB_Floor2,TypeB
1063,2025-04-05 03:31:30,30.82,46.16,BuildingB_Floor2,TypeA
1043,2025-04-03 06:56:04,34.33,61.15,BuildingA_Floor2,TypeA
1026,2025-04-02 16:50:46,30.99,64.28,BuildingB_Floor1,TypeC
1024,2025-04-04 18:51:51,22.97,68.68,BuildingA_Floor2,TypeC
1094,2025-04-06 00:04:02,19.26,30.03,BuildingB_Floor1,TypeC
1013,2025-04-05 03:21:57,33.07,31.74,BuildingA_Floor1,TypeA
1060,2025-04-02 02:57:41,31.53,64.02,BuildingA_Floor1,TypeC
1025,2025-04-04 13:17:51,24.46,74.88,BuildingA_Floor1,TypeA
1073,2025-04-05 04:58:32,24.52,79.72,BuildingA_Floor2,TypeB
1056,2025-04-04 04:56:02,29.03,37.92,BuildingA_Floor1,TypeC
1049,2025-04-05 00:28:18,15.72,32.48,BuildingA_Floor1,TypeC
1057,2025-04-05 15:02:34,34.1,34.89,BuildingA_Floor2,TypeB
1069,2025-04-02 17:02:45,33.16,74.55,BuildingB_Floor1,TypeC
1100,2025-04-04 11:44:56,24.67,50.4,BuildingB_Floor1,TypeC
1031,2025-04-05 02:47:26,29.24,70.95,BuildingB_Floor1,TypeC
1055,2025-04-03 14:15:03,23.12,58.37,BuildingA_Floor2,TypeC
1081,2025-04-03 14:00:52,16.08,59.56,BuildingA_Floor2,TypeA
1080,2025-04-02 01:16:11,28.18,32.02,BuildingA_Floor1,TypeA
1002,2025-04-06 03:59:15,17.84,50.18,BuildingB_Floor1,TypeA
1002,2025-04-04 09:22:37,22.19,57.06,BuildingA_Floor1,TypeB
1002,2025-04-04 17:30:03,26.47,44.35,BuildingA_Floor2,TypeC
1047,2025-04-02 05:09:13,21.16,30.88,BuildingA_Floor1,TypeC
1098,2025-04-05 01:14:06,19.54,79.77,BuildingB_Floor1,TypeB
1045,2025-04-02 17:21:03,31.47,75.47,BuildingA_Floor2,TypeC
1030,2025-04-04 04:11:19,23.6,45.07,BuildingA_Floor2,TypeA
1024,2025-04-04 12:45:29,30.57,42.43,BuildingB_Floor1,TypeC
1060,2025-04-03 09:18:43,24.81,47.71,BuildingB_Floor2,TypeA
1058,2025-04-06 05:38:11,18.69,77.85,BuildingB_Floor2,TypeB
1009,2025-04-02 02:19:32,24.39,40.81,BuildingB_Floor2,TypeC
1042,2025-04-04 07:10:05,25.22,61.74,BuildingA_Floor2,TypeC
1093,2025-04-02 05:49:24,26.36,59.65,BuildingA_Floor2,TypeA
1006,2025-04-06 09:31:05,25.45,41.16,BuildingB_Floor1,TypeB
1020,2025-04-05 11:44:55,21.61,68.68,BuildingB_Floor2,TypeC
1026,2025-04-02 11:57:39,29.16,44.57,BuildingB_Floor1,TypeC
1023,2025-04-05 02:01:07,24.24,49.34,BuildingA_Floor1,TypeA
1054,2025-04-05 09:09:03,33.78,30.75,BuildingB_Floor2,TypeA
1072,2025-04-06 15:17:26,32.01,47.23,BuildingA_Floor1,TypeA
1078,2025-04-06 06:23:39,24.35,46.31,BuildingB_Floor2,TypeA
1089,2025-04-02 03:36:42,32.79,37.25,BuildingB_Floor1,TypeA
1094,2025-04-04 15:32:42,27.88,48.61,BuildingB_Floor1,TypeA
1059,2025-04-05 20:35:11,19.95,49.79,BuildingA_Floor1,TypeA
1007,2025-04-06 22:56:19,19.02,44.81,BuildingB_Floor2,TypeB
1003,2025-04-05 18:13:25,22.16,45.89,BuildingB_Floor2,TypeC
1089,2025-04-04 07:40:11,17.49,79.79,BuildingA_Floor2,TypeC
1051,2025-04-02 05:06:16,16.71,77.24,BuildingB_Floor2,TypeA
1002,2025-04-06 12:47:15,24.31,40.65,BuildingA_Floor1,TypeA
1029,2025-04-03 18:28:11,21.37,60.0,BuildingB_Floor1,TypeB
1076,2025-04-03 06:12:06,23.51,40.04,BuildingA_Floor2,TypeC
1066,2025-04-04 00:00:20,23.01,35.15,BuildingB_Floor2,TypeA
1044,2025-04-03 21:44:24,33.78,47.03,BuildingB_Floor2,TypeA
1070,2025-04-06 22:19:52,25.71,51.54,BuildingB_Floor1,TypeC
1073,2025-04-03 01:38:19,33.38,66.7,BuildingB_Floor2,TypeA
1046,2025-04-03 00:59:07,20.85,79.0,BuildingA_Floor1,TypeC
1035,2025-04-06 07:05:38,22.44,63.36,BuildingA_Floor2,TypeB
1026,2025-04-02 15:58:38,20.84,60.47,BuildingB_Floor2,TypeC
1058,2025-04-06 08:42:56,29.16,77.67,BuildingA_Floor2,TypeA
1091,2025-04-07 00:00:07,31.3,73.42,BuildingB_Floor1,TypeB
1089,2025-04-03 11:44:57,33.43,74.41,BuildingA_Floor1,TypeA
1006,2025-04-03 08:16:30,27.01,72.2,BuildingA_Floor1,TypeC
1018,2025-04-04 01:41:37,24.22,73.47,BuildingB_Floor2,TypeC
1024,2025-04-02 08:41:09,29.52,46.28,BuildingA_Floor1,TypeC
1076,2025-04-05 13:34:49,18.78,70.34,BuildingB_Floor2,TypeA
1012,2025-04-05 05:34:56,25.03,59.94,BuildingB_Floor1,TypeA
1017,2025-04-04 10:05:19,18.31,48.24,BuildingB_Floor1,TypeB
1001,2025-04-05 13:48:00,34.29,50.82,BuildingB_Floor1,TypeB
1038,2025-04-02 17:11:55,19.61,31.27,BuildingB_Floor1,TypeB
1047,2025-04-05 21:32:39,31.67,69.92,BuildingB_Floor2,TypeB
1020,2025-04-03 10:03:25,15.71,78.91,BuildingB_Floor1,TypeC
1041,2025-04-06 22:54:52,20.91,56.8,BuildingB_Floor2,TypeC
1002,2025-04-05 23:56:08,17.49,67.61,BuildingA_Floor2,TypeC
1005,2025-04-02 10:50:32,22.8,51.62,BuildingA_Floor1,TypeA
1020,2025-04-05 19:54:03,28.28,56.02,BuildingA_Floor2,TypeB
1076,2025-04-06 15:16:14,30.98,71.19,BuildingA_Floor2,TypeA
1059,2025-04-04 01:50:11,23.22,78.89,BuildingA_Floor1,TypeB
1008,2025-04-06 19:23:39,21.94,43.51,BuildingB_Floor1,TypeC
1006,2025-04-05 21:16:18,33.79,51.61,BuildingA_Floor2,TypeB
1070,2025-04-06 19:40:45,25.36,69.79,BuildingA_Floor1,TypeB
1070,2025-04-02 23:53:28,20.54,60.92,BuildingB_Floor2,TypeA
1053,2025-04-02 05:57:47,24.51,56.14,BuildingA_Floor1,TypeB
1067,2025-04-05 13:55:12,23.45,73.62,BuildingB_Floor1,TypeC
1081,2025-04-05 16:17:23,20.86,74.87,BuildingB_Floor1,TypeC
1001,2025-04-02 01:15:06,27.38,34.01,BuildingB_Floor1,TypeA
1070,2025-04-04 08:50:33,19.63,40.22,BuildingB_Floor1,TypeA
1091,2025-04-02 10:35:45,18.01,73.37,BuildingA_Floor2,TypeB
1031,2025-04-03 02:56:24,25.72,50.21,BuildingB_Floor1,TypeA
1030,2025-04-03 06:54:23,29.37,45.3,BuildingB_Floor2,TypeA
1080,2025-04-06 08:26:50,28.54,52.79,BuildingA_Floor2,TypeC
1039,2025-04-07 00:25:17,19.33,64.13,BuildingA_Floor2,TypeB
1007,2025-04-04 00:57:37,30.33,76.89,BuildingB_Floor2,TypeA
1017,2025-04-05 05:57:48,22.62,68.8,BuildingB_Floor2,TypeA
1066,2025-04-03 07:47:11,29.53,57.76,BuildingB_Floor2,TypeC
1029,2025-04-05 00:14:42,15.82,45.53,BuildingA_Floor2,TypeA
1040,2025-04-02 22:04:20,26.49,54.47,BuildingA_Floor2,TypeC
1021,2025-04-03 05:21:30,31.84,39.61,BuildingA_Floor1,TypeA
1007,2025-04-02 10:28:54,15.33,53.3,BuildingA_Floor1,TypeC
1042,2025-04-03 17:47:55,20.08,62.35,BuildingB_Floor2,TypeB
1009,2025-04-04 23:02:49,32.43,63.94,BuildingB_Floor2,TypeB
1007,2025-04-03 15:59:32,28.15,57.55,BuildingB_Floor2,TypeA
1086,2025-04-05 13:52:36,32.29,43.44,BuildingA_Floor1,TypeC
1019,2025-04-03 17:19:46,19.58,40.86,BuildingA_Floor2,TypeB
1078,2025-04-04 21:14:30,33.12,39.66,BuildingB_Floor2,TypeA
1004,2025-04-04 11:44:04,20.32,41.03,BuildingA_Floor2,TypeA
1054,2025-04-02 13:19:41,21.49,71.42,BuildingA_Floor1,TypeB
1052,2025-04-06 11:22:53,34.4,43.29,BuildingA_Floor2,TypeA
1044,2025-04-05 23:46:03,33.07,56.95,BuildingB_Floor2,TypeC
1087,2025-04-06 21:54:03,29.04,73.53,BuildingA_Floor1,TypeA
1050,2025-04-06 20:17:06,27.13,52.29,BuildingA_Floor2,TypeA
1016,2025-04-03 02:32:02,33.62,59.71,BuildingA_Floor2,TypeB
1071,2025-04-02 18:40:42,18.98,59.81,BuildingA_Floor2,TypeA
1000,2025-04-06 09:20:03,22.59,38.89,BuildingB_Floor2,TypeC
1081,2025-04-02 08:32:31,23.92,39.35,BuildingB_Floor1,TypeB
1013,2025-04-03 20:37:33,22.16,43.48,BuildingA_Floor1,TypeC
1054,2025-04-03 14:09:01,16.52,52.44,BuildingB_Floor2,TypeC
1077,2025-04-04 04:23:33,16.89,54.08,BuildingB_Floor1,TypeB
1011,2025-04-03 23:28:25,16.79,64.69,BuildingA_Floor2,TypeB
1015,2025-04-04 04:33:59,31.26,75.46,BuildingA_Floor2,TypeC
1062,2025-04-02 02:39:39,26.51,48.36,BuildingA_Floor1,TypeC
1092,2025-04-05 15:35:12,24.77,41.57,BuildingA_Floor2,TypeA
1080,2025-04-05 00:33:17,18.09,58.96,BuildingB_Floor1,TypeC
1016,2025-04-05 17:44:11,22.69,56.22,BuildingB_Floor1,TypeB
1066,2025-04-03 04:31:29,23.87,66.6,BuildingA_Floor1,TypeB
1064,2025-04-04 16:55:42,34.34,73.71,BuildingB_Floor1,TypeB
1082,2025-04-04 19:30:03,24.91,61.39,BuildingB_Floor1,TypeA
1016,2025-04-04 19:09:06,31.37,57.72,BuildingB_Floor1,TypeA
1002,2025-04-03 03:48:13,20.65,35.93,BuildingB_Floor2,TypeB
1095,2025-04-03 16:39:10,24.61,49.93,BuildingA_Floor1,TypeC
1076,2025-04-06 08:11:39,29.66,54.7,BuildingA_Floor2,TypeC
1014,2025-04-06 05:15:05,22.36,53.83,BuildingA_Floor2,TypeC
1043,2025-04-02 18:58:31,30.39,31.03,BuildingA_Floor2,TypeA
1049,2025-04-06 11:59:47,16.46,72.5,BuildingB_Floor1,TypeB
1010,2025-04-05 19:30:38,34.15,45.68,BuildingB_Floor2,TypeA
1037,2025-04-02 04:47:23,15.39,56.39,BuildingA_Floor1,TypeC
1022,2025-04-04 15:54:37,17.3,72.5,BuildingB_Floor2,TypeB
1082,2025-04-05 14:36:54,34.81,40.81,BuildingB_Floor2,TypeC
1097,2025-04-02 16:59:36,22.4,52.0,BuildingA_Floor2,TypeC
1038,2025-04-06 00:17:57,24.24,38.45,BuildingA_Floor1,TypeB
1032,2025-04-04 15:51:17,18.16,73.55,BuildingA_Floor2,TypeA
1034,2025-04-05 06:57:05,27.26,74.32,BuildingB_Floor2,TypeA
1069,2025-04-05 20:21:15,16.64,40.55,BuildingB_Floor2,TypeA
1072,2025-04-06 03:50:11,16.39,36.43,BuildingB_Floor1,TypeB
1096,2025-04-05 11:11:05,15.07,75.49,BuildingA_Floor1,TypeB
1072,2025-04-02 17:59:17,21.65,66.82,BuildingB_Floor2,TypeC
1058,2025-04-03 00:05:14,23.46,60.64,BuildingA_Floor2,TypeA
1028,2025-04-02 03:55:36,19.95,54.62,BuildingB_Floor1,TypeC
1098,2025-04-06 07:42:45,28.49,51.03,BuildingB_Floor1,TypeB
1061,2025-04-04 08:49:57,17.23,67.15,BuildingA_Floor2,TypeC
1062,2025-04-03 12:15:57,33.95,50.53,BuildingB_Floor2,TypeB
1066,2025-04-03 07:17:43,24.54,77.33,BuildingA_Floor2,TypeA
1056,2025-04-05 03:33:23,31.69,53.49,BuildingB_Floor1,TypeA
1099,2025-04-04 01:15:45,16.24,67.37,BuildingB_Floor2,TypeB
1089,2025-04-02 10:28:35,25.67,64.46,BuildingA_Floor2,TypeC
1064,2025-04-04 19:05:08,16.55,52.3,BuildingB_Floor1,TypeA
1047,2025-04-06 06:46:30,17.6,75.61,BuildingA_Floor1,TypeB
1035,2025-04-06 03:37:12,22.78,33.15,BuildingB_Floor2,TypeC
1056,2025-04-02 18:33:16,33.25,33.3,BuildingA_Floor1,TypeA
1091,2025-04-04 13:59:10,23.37,58.98,BuildingA_Floor1,TypeB
1066,2025-04-03 12:10:40,27.03,43.27,BuildingA_Floor2,TypeC
1059,2025-04-02 08:09:10,28.04,36.0,BuildingA_Floor1,TypeC
1070,2025-04-05 13:33:35,24.12,47.9,BuildingB_Floor2,TypeB
1013,2025-04-03 17:07:31,16.2,71.01,BuildingA_Floor1,TypeA
1048,2025-04-06 10:52:13,18.69,74.55,BuildingA_Floor2,TypeC
1067,2025-04-05 08:41:26,24.29,74.56,BuildingB_Floor1,TypeA
1025,2025-04-05 10:40:14,30.79,65.79,BuildingB_Floor1,TypeA
1070,2025-04-06 13:55:58,32.5,79.73,BuildingA_Floor2,TypeC
1008,2025-04-03 18:43:46,22.6,63.84,BuildingB_Floor1,TypeB
1031,2025-04-02 09:29:45,19.39,65.8,BuildingA_Floor1,TypeB
1016,2025-04-03 03:36:31,32.84,60.5,BuildingA_Floor2,TypeA
1012,2025-04-06 05:49:30,16.68,45.07,BuildingA_Floor2,TypeA
1083,2025-04-06 03:39:23,15.13,52.52,BuildingB_Floor2,TypeC
1092,2025-04-06 14:49:59,21.89,34.88,BuildingB_Floor1,TypeA
1021,2025-04-04 12:14:27,30.33,47.75,BuildingA_Floor1,TypeA
1005,2025-04-03 00:28:52,23.56,57.92,BuildingA_Floor2,TypeB
1029,2025-04-04 02:29:02,26.43,33.31,BuildingB_Floor2,TypeC
1015,2025-04-05 08:41:42,15.12,50.07,BuildingB_Floor1,TypeA
1009,2025-04-02 22:49:27,33.85,49.13,BuildingB_Floor1,TypeB
1076,2025-04-06 22:20:18,32.22,60.74,BuildingA_Floor1,TypeB
1096,2025-04-03 17:22:18,22.14,30.56,BuildingB_Floor2,TypeA
1018,2025-04-05 18:32:32,30.64,79.02,BuildingA_Floor1,TypeC
1040,2025-04-06 13:31:51,16.22,72.73,BuildingB_Floor2,TypeB
1010,2025-04-03 11:23:36,15.02,60.59,BuildingB_Floor1,TypeB
1097,2025-04-04 11:53:13,24.93,69.91,BuildingB_Floor1,TypeC
1022,2025-04-02 21:17:17,28.31,77.63,BuildingB_Floor2,TypeA
1055,2025-04-04 14:19:02,24.99,71.34,BuildingB_Floor1,TypeB
1093,2025-04-02 07:52:51,17.08,58.72,BuildingA_Floor2,TypeA
1009,2025-04-04 20:29:42,17.46,72.92,BuildingB_Floor2,TypeB
1011,2025-04-03 14:49:54,24.14,70.74,BuildingB_Floor1,TypeA
1036,2025-04-05 23:41:00,33.71,54.81,BuildingB_Floor1,TypeA
1062,2025-04-04 08:16:50,19.15,59.51,BuildingB_Floor2,TypeB
1019,2025-04-06 11:20:16,31.73,52.63,BuildingA_Floor2,TypeC
1018,2025-04-05 06:18:58,17.94,49.89,BuildingA_Floor2,TypeA
1059,2025-04-05 05:34:41,32.96,53.62,BuildingB_Floor2,TypeB
1094,2025-04-06 14:35:50,27.37,44.93,BuildingA_Floor2,TypeC
1037,2025-04-06 20:25:03,32.51,49.15,BuildingB_Floor2,TypeA
1065,2025-04-06 15:15:06,21.96,57.56,BuildingA_Floor1,TypeA
1021,2025-04-06 08:49:45,34.79,73.94,BuildingB_Floor2,TypeB
1097,2025-04-05 20:37:40,33.93,60.95,BuildingA_Floor1,TypeA
1016,2025-04-03 02:33:47,28.89,40.35,BuildingA_Floor2,TypeB
1022,2025-04-03 00:07:41,20.45,57.31,BuildingA_Floor2,TypeA
1042,2025-04-06 16:33:27,26.11,53.17,BuildingA_Floor1,TypeB
1077,2025-04-02 14:11:46,20.98,58.7,BuildingB_Floor2,TypeB
1003,2025-04-02 23:48:23,18.77,39.65,BuildingA_Floor1,TypeB
1075,2025-04-06 16:32:18,30.29,44.81,BuildingA_Floor2,TypeB
1047,2025-04-02 12:42:10,22.42,70.38,BuildingB_Floor2,TypeA
1089,2025-04-04 05:34:25,22.89,68.55,BuildingA_Floor1,TypeB
1027,2025-04-04 11:04:34,33.59,43.19,BuildingA_Floor2,TypeB
1070,2025-04-02 12:59:55,15.53,77.04,BuildingB_Floor2,TypeB
1006,2025-04-06 06:27:47,27.51,51.15,BuildingA_Floor1,TypeB
1071,2025-04-03 01:00:28,20.22,67.47,BuildingA_Floor1,TypeB
1022,2025-04-03 03:50:35,22.73,68.64,BuildingA_Floor2,TypeB
1089,2025-04-02 23:43:34,26.7,57.96,BuildingB_Floor1,TypeC
1025,2025-04-04 00:36:52,17.62,65.29,BuildingA_Floor2,TypeB
1067,2025-04-04 11:54:41,31.17,35.05,BuildingB_Floor2,TypeA
1072,2025-04-06 17:47:26,30.01,61.17,BuildingA_Floor2,TypeA
1022,2025-04-02 04:35:19,31.53,74.86,BuildingB_Floor1,TypeC
1039,2025-04-02 01:41:36,25.9,59.29,BuildingB_Floor2,TypeA
1003,2025-04-04 02:04:39,20.57,71.65,BuildingB_Floor2,TypeA
1080,2025-04-05 10:06:30,16.27,55.88,BuildingB_Floor2,TypeC
1031,2025-04-06 23:46:02,32.4,44.48,BuildingA_Floor1,TypeB
1001,2025-04-05 06:13:33,16.64,71.73,BuildingB_Floor2,TypeC
1016,2025-04-02 10:11:55,17.47,51.63,BuildingA_Floor1,TypeA
1094,2025-04-02 03:34:04,28.44,45.24,BuildingA_Floor1,TypeA
1088,2025-04-04 17:39:59,27.5,74.23,BuildingA_Floor2,TypeA
1040,2025-04-02 09:59:56,26.19,74.07,BuildingB_Floor2,TypeB
1042,2025-04-06 00:51:29,17.05,36.29,BuildingA_Floor2,TypeA
1070,2025-04-05 21:01:24,15.01,58.68,BuildingB_Floor1,TypeB
1029,2025-04-03 20:35:53,33.12,52.86,BuildingB_Floor1,TypeB
1049,2025-04-05 11:30:43,21.08,67.91,BuildingB_Floor2,TypeA
1008,2025-04-02 03:22:11,15.7,70.95,BuildingA_Floor1,TypeC
1097,2025-04-06 23:34:14,33.78,53.49,BuildingA_Floor1,TypeA
1036,2025-04-04 15:23:37,18.67,77.67,BuildingB_Floor1,TypeB
1018,2025-04-04 21:17:22,30.39,76.71,BuildingB_Floor1,TypeB
1050,2025-04-02 18:52:12,17.43,64.01,BuildingB_Floor1,TypeC
1009,2025-04-03 23:37:17,22.58,47.18,BuildingB_Floor1,TypeC
1046,2025-04-05 06:42:15,29.67,48.65,BuildingA_Floor1,TypeC
1052,2025-04-03 19:28:21,15.35,67.08,BuildingA_Floor1,TypeC
1075,2025-04-06 17:20:01,23.5,35.0,BuildingB_Floor2,TypeC
1077,2025-04-03 09:06:25,17.54,42.92,BuildingB_Floor1,TypeC
1084,2025-04-06 10:21:40,15.92,68.13,BuildingA_Floor2,TypeB
1041,2025-04-05 19:17:25,28.74,75.56,BuildingA_Floor2,TypeA
1035,2025-04-02 08:38:28,15.51,43.75,BuildingA_Floor1,TypeB
1082,2025-04-02 20:11:14,24.32,59.38,BuildingA_Floor2,TypeC
1018,2025-04-04 14:24:35,22.67,50.27,BuildingA_Floor2,TypeC
1037,2025-04-06 10:03:26,31.81,60.79,BuildingA_Floor2,TypeC
1021,2025-04-02 09:53:59,28.1,59.6,BuildingA_Floor2,TypeB
1017,2025-04-05 23:45:20,27.61,65.58,BuildingB_Floor1,TypeA
1094,2025-04-05 04:11:28,34.12,74.07,BuildingA_Floor1,TypeA
1058,2025-04-02 18:54:21,17.93,56.12,BuildingB_Floor2,TypeC
1070,2025-04-04 16:56:02,31.5,60.01,BuildingA_Floor2,TypeC
1068,2025-04-02 21:54:09,32.15,76.7,BuildingB_Floor2,TypeA
1067,2025-04-02 21:36:45,26.93,66.64,BuildingA_Floor2,TypeC
1051,2025-04-03 16:33:19,21.65,76.85,BuildingB_Floor2,TypeA
1018,2025-04-06 03:37:00,22.24,59.22,BuildingB_Floor1,TypeC
1058,2025-04-06 06:58:28,17.83,49.97,BuildingA_Floor1,TypeC
1074,2025-04-02 08:45:36,29.3,66.39,BuildingB_Floor2,TypeB
1043,2025-04-03 06:57:00,27.21,76.85,BuildingA_Floor2,TypeA
1022,2025-04-05 07:38:10,34.22,31.4,BuildingB_Floor1,TypeB
1058,2025-04-02 04:29:52,26.06,44.23,BuildingB_Floor1,TypeC
1041,2025-04-02 12:52:15,27.49,48.0,BuildingB_Floor2,TypeB
1056,2025-04-04 09:46:36,20.06,52.66,BuildingA_Floor1,TypeA
1048,2025-04-05 22:20:28,31.43,76.23,BuildingB_Floor1,TypeA
1036,2025-04-02 02:15:50,23.53,51.53,BuildingB_Floor1,TypeB
1072,2025-04-03 18:25:30,22.56,47.61,BuildingB_Floor1,TypeB
1040,2025-04-06 12:54:34,24.86,53.9,BuildingB_Floor2,TypeC
1026,2025-04-03 13:29:44,34.66,41.51,BuildingA_Floor1,TypeC
1016,2025-04-02 17:11:47,20.64,60.44,BuildingB_Floor2,TypeC
1048,2025-04-05 00:46:59,34.05,34.92,BuildingA_Floor2,TypeA
1082,2025-04-02 11:51:03,19.81,41.43,BuildingB_Floor1,TypeC
1040,2025-04-02 02:10:49,23.44,53.64,BuildingA_Floor2,TypeB
1018,2025-04-02 22:35:57,25.45,47.15,BuildingB_Floor2,TypeA
1069,2025-04-02 04:42:47,30.22,44.82,BuildingA_Floor1,TypeC
1022,2025-04-05 09:03:48,26.4,49.47,BuildingA_Floor1,TypeA
1081,2025-04-06 02:34:37,15.84,73.44,BuildingA_Floor1,TypeB
1040,2025-04-03 13:52:19,26.1,44.36,BuildingB_Floor2,TypeC
1027,2025-04-06 16:55:29,20.61,38.16,BuildingB_Floor2,TypeA
1062,2025-04-03 18:13:04,26.6,74.1,BuildingB_Floor1,TypeA
1044,2025-04-03 22:00:20,19.17,36.84,BuildingB_Floor2,TypeC
1029,2025-04-03 21:10:50,30.19,49.07,BuildingA_Floor2,TypeC
1050,2025-04-03 19:46:42,19.69,35.22,BuildingA_Floor1,TypeC
1006,2025-04-04 20:10:09,18.56,47.7,BuildingB_Floor2,TypeA
1068,2025-04-03 15:10:41,19.88,65.61,BuildingB_Floor1,TypeB
1092,2025-04-03 14:54:03,27.01,52.77,BuildingA_Floor1,TypeC
1088,2025-04-06 05:26:57,26.96,33.87,BuildingB_Floor1,TypeB
1097,2025-04-03 23:23:44,27.88,33.09,BuildingB_Floor2,TypeB
1017,2025-04-02 02:19:55,29.8,63.72,BuildingA_Floor2,TypeC
1049,2025-04-06 14:58:33,34.57,46.63,BuildingA_Floor2,TypeC
1008,2025-04-03 17:03:39,18.12,79.82,BuildingB_Floor1,TypeC
1095,2025-04-04 12:09:14,29.08,37.99,BuildingA_Floor2,TypeC
1044,2025-04-06 03:26:26,27.07,30.49,BuildingB_Floor1,TypeA
1031,2025-04-04 11:33:22,28.13,62.7,BuildingA_Floor2,TypeA
1062,2025-04-06 10:01:40,30.38,52.27,BuildingB_Floor2,TypeA
1047,2025-04-03 06:28:06,29.54,74.53,BuildingB_Floor2,TypeB
1042,2025-04-02 19:05:08,15.88,45.53,BuildingA_Floor1,TypeB
1007,2025-04-06 15:09:28,24.66,37.98,BuildingB_Floor1,TypeA
1089,2025-04-03 01:04:56,31.6,52.82,BuildingB_Floor2,TypeC
1008,2025-04-05 18:43:28,29.88,43.78,BuildingA_Floor1,TypeB
1060,2025-04-03 11:31:30,18.35,72.72,BuildingA_Floor1,TypeA
1032,2025-04-04 18:48:54,26.3,32.44,BuildingA_Floor1,TypeB
1075,2025-04-05 12:52:52,28.92,41.64,BuildingB_Floor1,TypeA
1095,2025-04-04 21:19:47,32.26,52.73,BuildingA_Floor2,TypeA
1015,2025-04-05 17:37:58,15.04,76.51,BuildingB_Floor2,TypeC
1095,2025-04-05 16:05:53,30.73,52.4,BuildingB_Floor1,TypeC
1049,2025-04-03 04:06:52,30.37,41.33,BuildingB_Floor2,TypeA
1019,2025-04-02 21:32:48,18.81,61.44,BuildingA_Floor2,TypeC
1070,2025-04-04 20:55:29,20.97,57.92,BuildingB_Floor1,TypeB
1013,2025-04-05 03:02:20,20.54,72.41,BuildingB_Floor2,TypeC
1077,2025-04-03 21:10:55,15.24,50.91,BuildingB_Floor1,TypeA
1070,2025-04-05 08:20:11,18.3,64.41,BuildingB_Floor2,TypeA
1083,2025-04-06 16:58:27,17.88,30.99,BuildingB_Floor2,TypeA
1000,2025-04-05 12:38:16,30.54,62.82,BuildingB_Floor1,TypeA
1050,2025-04-05 01:13:30,28.17,73.13,BuildingB_Floor1,TypeB
1013,2025-04-02 13:40:27,28.98,60.09,BuildingB_Floor1,TypeA
1093,2025-04-02 14:14:05,15.38,32.35,BuildingB_Floor2,TypeB
1100,2025-04-04 00:05:34,20.53,78.47,BuildingA_Floor1,TypeC
1038,2025-04-05 16:22:35,31.45,34.67,BuildingA_Floor2,TypeB
1040,2025-04-03 00:43:32,30.02,71.83,BuildingB_Floor1,TypeB
1049,2025-04-05 01:28:20,21.43,54.54,BuildingB_Floor1,TypeB
1074,2025-04-05 15:41:22,29.61,68.35,BuildingB_Floor1,TypeA
1011,2025-04-03 03:21:37,31.55,30.44,BuildingA_Floor1,TypeB
1055,2025-04-03 02:58:34,33.92,39.57,BuildingA_Floor1,TypeC
1080,2025-04-04 21:02:47,32.6,78.88,BuildingB_Floor1,TypeB
1042,2025-04-02 19:02:52,23.16,43.73,BuildingB_Floor1,TypeA
1091,2025-04-03 17:49:59,26.1,66.86,BuildingB_Floor1,TypeC
1013,2025-04-02 11:41:07,23.78,52.73,BuildingA_Floor1,TypeB
1076,2025-04-03 07:37:32,19.59,57.22,BuildingB_Floor2,TypeC
1003,2025-04-02 03:36:19,33.96,34.24,BuildingB_Floor2,TypeB
1087,2025-04-02 08:41:25,18.39,63.3,BuildingB_Floor2,TypeC
1067,2025-04-03 10:35:00,34.67,60.29,BuildingA_Floor2,TypeB
1003,2025-04-06 18:07:35,22.56,66.69,BuildingA_Floor1,TypeA
1031,2025-04-04 20:20:00,29.15,52.57,BuildingB_Floor2,TypeC
1072,2025-04-03 13:12:20,33.86,45.07,BuildingB_Floor2,TypeB
1099,2025-04-06 09:57:34,15.21,36.29,BuildingA_Floor2,TypeA
1011,2025-04-02 18:07:48,26.55,51.19,BuildingA_Floor1,TypeC
1055,2025-04-04 03:20:20,16.18,40.16,BuildingA_Floor2,TypeA
1040,2025-04-03 08:41:07,27.27,69.72,BuildingB_Floor1,TypeA
1057,2025-04-06 21:04:33,17.69,51.9,BuildingA_Floor1,TypeC
1091,2025-04-03 14:05:25,21.25,77.75,BuildingB_Floor2,TypeB
1002,2025-04-04 09:09:35,18.66,45.01,BuildingA_Floor1,TypeA
1018,2025-04-02 02:54:24,30.29,60.05,BuildingA_Floor2,TypeC
1089,2025-04-06 09:09:55,22.7,34.79,BuildingA_Floor2,TypeB
1004,2025-04-02 01:56:54,24.74,35.89,BuildingA_Floor2,TypeA
1010,2025-04-04 22:17:10,21.27,34.17,BuildingB_Floor2,TypeB
1006,2025-04-03 00:31:04,24.97,30.45,BuildingB_Floor1,TypeB
1056,2025-04-06 13:21:20,33.39,68.78,BuildingA_Floor1,TypeC
1047,2025-04-05 01:15:52,27.08,49.96,BuildingB_Floor2,TypeB
1071,2025-04-02 21:41:14,20.79,72.36,BuildingB_Floor2,TypeA
1044,2025-04-02 09:59:02,30.04,79.95,BuildingA_Floor2,TypeC
1086,2025-04-05 05:15:38,16.78,36.74,BuildingB_Floor1,TypeB
1060,2025-04-02 09:15:30,27.18,48.52,BuildingA_Floor2,TypeA
1049,2025-04-03 18:48:13,15.9,60.87,BuildingB_Floor2,TypeA
1043,2025-04-03 05:12:28,27.89,41.95,BuildingB_Floor2,TypeC
1052,2025-04-07 00:31:37,23.29,52.45,BuildingA_Floor1,TypeC
1006,2025-04-07 00:25:07,30.69,51.79,BuildingA_Floor2,TypeC
1043,2025-04-04 03:20:23,23.69,42.51,BuildingA_Floor1,TypeC
1008,2025-04-02 04:53:00,23.96,35.77,BuildingB_Floor2,TypeB
1018,2025-04-02 04:30:40,20.01,60.27,BuildingA_Floor2,TypeA
1039,2025-04-04 20:00:59,22.19,44.11,BuildingB_Floor2,TypeB
1004,2025-04-06 16:16:17,20.07,51.21,BuildingB_Floor1,TypeA
1028,2025-04-05 15:16:55,26.91,47.47,BuildingA_Floor2,TypeB
1072,2025-04-05 11:30:52,30.73,76.43,BuildingB_Floor1,TypeB
1034,2025-04-03 19:37:33,15.94,32.27,BuildingA_Floor2,TypeA
1092,2025-04-04 00:33:23,32.84,77.34,BuildingA_Floor2,TypeA
1079,2025-04-02 16:40:30,18.08,67.14,BuildingB_Floor1,TypeB
1081,2025-04-05 02:36:07,24.04,32.8,BuildingA_Floor1,TypeC
1030,2025-04-06 06:02:10,30.19,61.94,BuildingB_Floor1,TypeA
1081,2025-04-05 14:33:28,19.39,40.56,BuildingA_Floor2,TypeA
1003,2025-04-03 09:59:39,33.95,32.07,BuildingB_Floor2,TypeA
1089,2025-04-05 10:51:54,27.44,57.55,BuildingA_Floor1,TypeB
1058,2025-04-02 15:21:08,31.34,43.63,BuildingA_Floor1,TypeB
1020,2025-04-02 06:53:18,20.84,57.67,BuildingB_Floor2,TypeB
1008,2025-04-06 17:19:43,32.78,36.6,BuildingA_Floor2,TypeB
1078,2025-04-05 02:13:29,24.18,48.39,BuildingA_Floor1,TypeB
1011,2025-04-04 00:31:33,18.94,65.79,BuildingB_Floor2,TypeC
1050,2025-04-05 13:17:09,29.21,67.95,BuildingB_Floor1,TypeB
1095,2025-04-03 14:06:54,15.25,77.71,BuildingB_Floor2,TypeB
1035,2025-04-03 07:18:48,21.64,78.49,BuildingB_Floor1,TypeC
1020,2025-04-04 07:41:38,33.54,43.11,BuildingB_Floor2,TypeC
1034,2025-04-02 01:13:35,18.55,36.11,BuildingB_Floor2,TypeC
1034,2025-04-06 14:49:45,31.37,34.69,BuildingA_Floor1,TypeA
1071,2025-04-06 11:29:13,21.01,59.7,BuildingA_Floor1,TypeB
1028,2025-04-04 18:33:28,17.2,69.62,BuildingA_Floor2,TypeC
1008,2025-04-03 20:11:20,34.05,56.5,BuildingA_Floor1,TypeA
1019,2025-04-05 06:40:33,27.23,33.23,BuildingA_Floor1,TypeC
1028,2025-04-03 16:20:46,20.72,60.62,BuildingA_Floor1,TypeC
1082,2025-04-04 05:26:13,22.81,64.78,BuildingA_Floor2,TypeA
1030,2025-04-03 03:52:34,32.21,70.92,BuildingA_Floor1,TypeC
1036,2025-04-04 13:44:09,25.92,59.58,BuildingB_Floor1,TypeB
1090,2025-04-06 18:45:45,27.18,58.76,BuildingA_Floor2,TypeA
1018,2025-04-03 06:52:39,24.84,37.55,BuildingA_Floor2,TypeA
1009,2025-04-06 19:11:47,22.12,72.4,BuildingA_Floor2,TypeA
1074,2025-04-05 12:34:00,16.2,78.72,BuildingA_Floor1,TypeC
1056,2025-04-03 09:20:56,25.77,52.19,BuildingA_Floor2,TypeC
1066,2025-04-06 04:16:33,21.49,58.21,BuildingA_Floor1,TypeC
1025,2025-04-02 22:32:40,17.56,49.55,BuildingB_Floor1,TypeB
1073,2025-04-03 05:41:20,33.86,73.44,BuildingA_Floor1,TypeC
1057,2025-04-04 04:02:08,30.0,47.17,BuildingB_Floor1,TypeA
1013,2025-04-03 15:53:05,16.69,32.06,BuildingB_Floor2,TypeC
1085,2025-04-04 11:10:10,19.65,43.55,BuildingB_Floor2,TypeB
1032,2025-04-05 15:00:37,23.82,74.72,BuildingB_Floor1,TypeA
1037,2025-04-03 06:34:21,32.07,68.09,BuildingB_Floor1,TypeA
1015,2025-04-05 00:59:17,30.47,42.05,BuildingB_Floor1,TypeB
1012,2025-04-02 21:14:09,30.77,34.09,BuildingA_Floor2,TypeA
1089,2025-04-02 07:37:04,27.89,67.54,BuildingB_Floor2,TypeA
1048,2025-04-02 09:23:02,24.75,69.69,BuildingB_Floor1,TypeB
1092,2025-04-03 07:47:34,32.39,35.56,BuildingA_Floor1,TypeC
1020,2025-04-05 06:54:50,29.92,46.81,BuildingA_Floor2,TypeA
1026,2025-04-02 01:07:23,31.42,76.75,BuildingB_Floor2,TypeA
1014,2025-04-05 15:07:12,16.22,53.09,BuildingA_Floor2,TypeA
1057,2025-04-05 22:42:56,34.16,59.38,BuildingA_Floor1,TypeB
1068,2025-04-05 20:37:12,20.04,66.63,BuildingA_Floor2,TypeC
1047,2025-04-03 09:05:28,26.29,35.28,BuildingA_Floor1,TypeC
1083,2025-04-03 03:11:33,26.97,40.92,BuildingB_Floor2,TypeB
1056,2025-04-04 11:57:35,26.27,59.5,BuildingB_Floor2,TypeC
1036,2025-04-05 13:02:54,15.15,47.18,BuildingA_Floor2,TypeC
1020,2025-04-02 13:47:04,16.23,74.59,BuildingB_Floor1,TypeA
1015,2025-04-05 02:35:23,15.11,65.02,BuildingB_Floor2,TypeA
1067,2025-04-04 20:47:53,33.05,70.46,BuildingB_Floor2,TypeB
1010,2025-04-04 08:32:26,24.31,60.55,BuildingB_Floor2,TypeA
1043,2025-04-04 12:58:21,15.43,37.4,BuildingA_Floor1,TypeC
1040,2025-04-05 02:51:35,23.45,39.36,BuildingB_Floor1,TypeC
1018,2025-04-06 11:53:48,30.8,49.95,BuildingB_Floor1,TypeA
1087,2025-04-04 08:58:46,21.92,75.65,BuildingB_Floor2,TypeA
1055,2025-04-03 01:19:25,33.44,74.16,BuildingA_Floor1,TypeC
1022,2025-04-05 19:47:16,28.64,34.78,BuildingB_Floor2,TypeA
1007,2025-04-06 13:01:50,18.96,70.5,BuildingA_Floor1,TypeB
1045,2025-04-03 20:35:07,27.59,46.77,BuildingB_Floor2,TypeB
1033,2025-04-03 21:47:58,18.63,71.83,BuildingB_Floor2,TypeA
1049,2025-04-02 12:53:33,29.06,53.14,BuildingA_Floor1,TypeB
1051,2025-04-03 01:34:48,19.61,43.38,BuildingB_Floor1,TypeC
1037,2025-04-02 16:38:10,25.98,42.97,BuildingA_Floor2,TypeA
1063,2025-04-05 22:19:27,19.97,79.42,BuildingA_Floor1,TypeA
1000,2025-04-03 10:55:54,32.74,35.93,BuildingA_Floor1,TypeB
1067,2025-04-02 05:11:05,31.7,41.82,BuildingB_Floor2,TypeC
1073,2025-04-05 04:09:13,28.04,78.6,BuildingB_Floor2,TypeC
1001,2025-04-06 05:36:46,33.08,31.28,BuildingA_Floor2,TypeC
1028,2025-04-02 20:58:54,33.56,77.78,BuildingB_Floor2,TypeC
1010,2025-04-05 13:49:40,16.35,48.5,BuildingA_Floor2,TypeC
1059,2025-04-05 03:02:38,18.18,45.04,BuildingB_Floor2,TypeC
1037,2025-04-05 07:24:21,32.48,34.94,BuildingB_Floor2,TypeB
1018,2025-04-05 21:18:41,17.88,42.51,BuildingA_Floor1,TypeB
1082,2025-04-06 07:05:23,19.34,72.3,BuildingA_Floor1,TypeA
1084,2025-04-03 05:54:19,25.56,34.26,BuildingA_Floor2,TypeB
1031,2025-04-04 16:14:37,20.1,38.39,BuildingA_Floor1,TypeC
1033,2025-04-05 08:58:25,17.9,62.18,BuildingB_Floor1,TypeA
1011,2025-04-05 03:40:52,20.76,75.3,BuildingA_Floor1,TypeC
1065,2025-04-02 19:27:51,18.51,46.1,BuildingA_Floor2,TypeA
1054,2025-04-04 23:26:10,33.79,60.66,BuildingA_Floor2,TypeC
1004,2025-04-03 00:20:14,15.34,50.26,BuildingA_Floor1,TypeB
1030,2025-04-05 18:43:41,17.41,32.36,BuildingA_Floor2,TypeB
1093,2025-04-02 11:11:07,33.05,67.77,BuildingB_Floor2,TypeB
1047,2025-04-05 07:33:48,23.21,63.13,BuildingA_Floor1,TypeA
1080,2025-04-04 18:03:21,18.97,61.05,BuildingB_Floor1,TypeB
1002,2025-04-05 18:59:49,27.03,67.75,BuildingB_Floor1,TypeA
1092,2025-04-04 19:41:24,18.73,31.92,BuildingA_Floor2,TypeC
1038,2025-04-05 05:34:36,21.01,77.0,BuildingA_Floor2,TypeA
1067,2025-04-05 19:24:45,26.2,56.59,BuildingA_Floor2,TypeA
1070,2025-04-03 20:38:39,34.22,61.05,BuildingA_Floor1,TypeC
1062,2025-04-04 05:34:49,30.71,40.68,BuildingA_Floor1,TypeB
1078,2025-04-05 07:49:19,24.82,54.51,BuildingA_Floor1,TypeB
1031,2025-04-02 13:13:47,17.87,75.74,BuildingB_Floor2,TypeC
1089,2025-04-05 04:48:39,15.78,59.39,BuildingB_Floor1,TypeB
1048,2025-04-02 19:36:44,30.93,65.7,BuildingA_Floor1,TypeA
1086,2025-04-02 12:08:22,32.29,31.06,BuildingB_Floor2,TypeA
1087,2025-04-03 07:32:43,22.86,68.4,BuildingB_Floor1,TypeB
1030,2025-04-04 12:20:07,21.39,73.28,BuildingA_Floor1,TypeA
1067,2025-04-02 05:37:15,31.69,63.11,BuildingB_Floor1,TypeA
1077,2025-04-02 03:30:05,26.35,68.53,BuildingA_Floor2,TypeA
1056,2025-04-06 01:04:22,19.19,77.87,BuildingA_Floor1,TypeC
1081,2025-04-04 16:43:51,30.71,43.63,BuildingB_Floor1,TypeC
1019,2025-04-05 03:58:46,34.43,64.33,BuildingB_Floor2,TypeA
1065,2025-04-05 14:09:05,24.09,59.58,BuildingB_Floor1,TypeB
1022,2025-04-05 05:06:29,15.25,45.69,BuildingB_Floor2,TypeB
1013,2025-04-02 18:47:52,26.79,39.51,BuildingB_Floor2,TypeC
1095,2025-04-03 01:59:54,18.42,48.34,BuildingA_Floor2,TypeC
1034,2025-04-02 11:00:55,18.47,50.25,BuildingB_Floor1,TypeB
1073,2025-04-06 20:27:08,34.01,59.94,BuildingB_Floor1,TypeB
1031,2025-04-03 11:59:15,30.89,40.25,BuildingB_Floor2,TypeC
1056,2025-04-03 09:41:20,24.35,47.13,BuildingB_Floor2,TypeA
1096,2025-04-03 11:03:17,25.32,46.81,BuildingB_Floor1,TypeB
1038,2025-04-06 07:40:28,33.26,49.16,BuildingA_Floor2,TypeA
1053,2025-04-03 00:50:37,20.41,72.58,BuildingB_Floor2,TypeC
1010,2025-04-03 14:26:54,24.2,40.89,BuildingA_Floor2,TypeC
1012,2025-04-04 17:45:08,30.95,76.12,BuildingA_Floor2,TypeB
1074,2025-04-04 17:03:59,28.37,43.31,BuildingA_Floor1,TypeB
1047,2025-04-03 04:53:58,19.38,41.42,BuildingA_Floor1,TypeA
1067,2025-04-05 08:06:46,22.0,48.05,BuildingA_Floor2,TypeC
1063,2025-04-03 12:16:19,24.39,41.77,BuildingB_Floor1,TypeB
1083,2025-04-03 21:22:12,20.53,53.7,BuildingB_Floor1,TypeB
1080,2025-04-03 08:00:52,23.31,77.92,BuildingB_Floor2,TypeB
1012,2025-04-05 03:17:41,18.3,47.0,BuildingA_Floor2,TypeC
1072,2025-04-04 19:21:02,23.37,57.14,BuildingA_Floor1,TypeC
1091,2025-04-02 15:01:19,16.71,54.32,BuildingA_Floor1,TypeC
1051,2025-04-05 12:00:38,18.31,74.14,BuildingB_Floor2,TypeB
1041,2025-04-04 16:00:26,20.47,38.26,BuildingA_Floor2,TypeB
1084,2025-04-05 16:00:52,26.35,58.05,BuildingB_Floor1,TypeB
1071,2025-04-05 09:31:02,27.55,38.27,BuildingA_Floor1,TypeB
1069,2025-04-03 10:43:06,16.68,79.19,BuildingB_Floor2,TypeC
1042,2025-04-02 03:15:24,26.72,73.77,BuildingB_Floor1,TypeA
1017,2025-04-02 02:28:33,27.19,63.22,BuildingA_Floor1,TypeB
1083,2025-04-05 13:24:17,25.18,31.87,BuildingA_Floor2,TypeC
1039,2025-04-04 13:33:30,26.84,30.65,BuildingA_Floor2,TypeC
1042,2025-04-04 19:32:01,17.8,50.78,BuildingA_Floor2,TypeB
1078,2025-04-04 17:11:14,24.15,78.83,BuildingB_Floor2,TypeA
1013,2025-04-05 07:25:09,30.82,73.2,BuildingB_Floor1,TypeA
1049,2025-04-05 03:44:17,20.67,76.2,BuildingB_Floor1,TypeA
1060,2025-04-06 11:02:36,33.61,78.48,BuildingA_Floor2,TypeB
1046,2025-04-05 01:58:40,17.15,33.79,BuildingB_Floor2,TypeA
1014,2025-04-05 07:54:06,21.04,33.38,BuildingB_Floor2,TypeC
1053,2025-04-06 16:43:52,32.63,59.54,BuildingB_Floor2,TypeB
1010,2025-04-02 03:22:55,33.59,49.12,BuildingA_Floor2,TypeC
1016,2025-04-06 03:41:59,30.55,75.78,BuildingB_Floor2,TypeC
1082,2025-04-03 01:13:43,33.01,79.62,BuildingA_Floor2,TypeA
1094,2025-04-06 02:01:54,26.69,36.09,BuildingB_Floor2,TypeA
1063,2025-04-02 09:05:22,28.43,32.77,BuildingA_Floor2,TypeC
1042,2025-04-06 11:30:23,26.05,72.31,BuildingB_Floor1,TypeB
1069,2025-04-02 23:35:57,34.39,64.56,BuildingA_Floor1,TypeC
1080,2025-04-02 07:40:44,20.79,55.08,BuildingB_Floor1,TypeB
1068,2025-04-03 07:07:35,33.17,52.99,BuildingA_Floor1,TypeC
1086,2025-04-06 15:03:12,24.86,57.37,BuildingB_Floor2,TypeA
1063,2025-04-03 12:32:50,16.52,69.53,BuildingB_Floor2,TypeB
1056,2025-04-02 07:34:10,26.64,69.73,BuildingB_Floor1,TypeC
1099,2025-04-06 11:58:04,29.02,73.56,BuildingA_Floor1,TypeB
1058,2025-04-03 23:43:10,34.84,44.08,BuildingB_Floor2,TypeA
1073,2025-04-05 03:04:21,23.31,59.89,BuildingB_Floor1,TypeA
1087,2025-04-02 01:41:27,22.34,69.53,BuildingA_Floor2,TypeC
1022,2025-04-02 15:01:52,17.99,46.2,BuildingB_Floor1,TypeC
1072,2025-04-02 17:25:15,34.51,49.16,BuildingB_Floor2,TypeC
1020,2025-04-05 15:11:25,27.32,34.06,BuildingA_Floor2,TypeA
1032,2025-04-03 02:19:17,22.56,72.31,BuildingB_Floor2,TypeA
1077,2025-04-05 13:54:09,21.39,33.35,BuildingA_Floor1,TypeA
1053,2025-04-02 07:47:42,28.82,37.34,BuildingB_Floor2,TypeA
1097,2025-04-06 12:59:52,17.62,58.35,BuildingA_Floor1,TypeA
1059,2025-04-04 02:07:30,19.09,40.69,BuildingA_Floor1,TypeC
1037,2025-04-06 21:41:32,27.43,41.74,BuildingB_Floor1,TypeB
1081,2025-04-03 03:15:34,15.75,46.08,BuildingA_Floor2,TypeC
1085,2025-04-04 22:30:03,28.45,35.79,BuildingA_Floor2,TypeA
1077,2025-04-06 08:28:23,27.89,65.79,BuildingB_Floor1,TypeA
1022,2025-04-05 11:47:41,32.3,58.33,BuildingA_Floor2,TypeB
1063,2025-04-02 18:43:03,19.51,62.15,BuildingB_Floor1,TypeB
1085,2025-04-04 21:28:48,23.21,42.94,BuildingB_Floor1,TypeC
1041,2025-04-06 12:18:39,26.59,33.89,BuildingA_Floor2,TypeB
1070,2025-04-05 18:45:36,23.89,65.92,BuildingA_Floor2,TypeA
1071,2025-04-06 00:06:45,16.39,72.09,BuildingB_Floor1,TypeC
1004,2025-04-04 02:18:35,28.81,31.16,BuildingB_Floor2,TypeC
1049,2025-04-06 09:26:21,31.93,34.25,BuildingA_Floor1,TypeC
1096,2025-04-06 01:00:06,16.36,72.05,BuildingA_Floor1,TypeC
1003,2025-04-02 11:27:16,28.81,70.57,BuildingA_Floor1,TypeA
1080,2025-04-02 05:16:34,20.19,74.2,BuildingB_Floor1,TypeA
1027,2025-04-04 03:02:50,22.02,59.76,BuildingB_Floor1,TypeC
1026,2025-04-03 21:26:27,28.78,43.07,BuildingA_Floor2,TypeC
1095,2025-04-06 14:41:26,27.77,53.54,BuildingB_Floor1,TypeB
1087,2025-04-05 19:48:50,30.21,44.36,BuildingA_Floor1,TypeB
1049,2025-04-04 02:58:50,30.34,50.72,BuildingB_Floor2,TypeC
1016,2025-04-05 14:06:51,23.81,33.67,BuildingA_Floor1,TypeA
1002,2025-04-05 16:19:46,18.5,69.56,BuildingB_Floor1,TypeA
1070,2025-04-06 10:29:58,24.95,66.53,BuildingB_Floor1,TypeB
1023,2025-04-03 23:20:39,19.48,76.85,BuildingA_Floor1,TypeB
1005,2025-04-03 17:50:29,26.05,36.71,BuildingA_Floor2,TypeC
1096,2025-04-04 11:12:08,22.25,57.06,BuildingB_Floor2,TypeA
1093,2025-04-05 06:07:32,34.05,47.8,BuildingA_Floor2,TypeA
1043,2025-04-03 02:06:07,27.14,39.63,BuildingA_Floor1,TypeA
1083,2025-04-04 03:31:21,31.98,55.41,BuildingB_Floor1,TypeB
1038,2025-04-06 16:35:50,17.04,56.6,BuildingB_Floor2,TypeA
1066,2025-04-03 12:11:06,32.42,39.7,BuildingA_Floor2,TypeB
1053,2025-04-03 04:58:57,24.98,56.27,BuildingA_Floor2,TypeA
1049,2025-04-05 11:15:00,24.4,34.49,BuildingA_Floor2,TypeC
1059,2025-04-03 04:44:35,33.6,75.45,BuildingB_Floor2,TypeC
1056,2025-04-04 07:57:08,15.69,68.0,BuildingB_Floor2,TypeC
1040,2025-04-03 21:05:50,33.11,68.71,BuildingB_Floor2,TypeC
1054,2025-04-06 12:55:08,29.95,53.2,BuildingA_Floor1,TypeB
1057,2025-04-06 16:52:39,33.39,70.86,BuildingA_Floor1,TypeC
1075,2025-04-05 21:57:22,20.77,31.69,BuildingA_Floor1,TypeB
1032,2025-04-03 09:51:56,30.76,67.81,BuildingB_Floor1,TypeB
1013,2025-04-05 19:06:51,23.92,31.95,BuildingA_Floor1,TypeA
1053,2025-04-02 22:22:01,26.42,47.82,BuildingA_Floor2,TypeB
1073,2025-04-03 13:41:26,23.54,77.25,BuildingB_Floor1,TypeC
1067,2025-04-06 13:06:32,27.78,52.84,BuildingA_Floor2,TypeB
1006,2025-04-05 14:27:09,26.46,55.1,BuildingB_Floor2,TypeC
1038,2025-04-05 17:34:23,29.34,73.91,BuildingA_Floor2,TypeC
1049,2025-04-04 21:55:37,22.62,77.02,BuildingB_Floor2,TypeB
1058,2025-04-04 12:51:15,22.78,72.21,BuildingA_Floor2,TypeC
1043,2025-04-05 23:46:22,28.3,71.14,BuildingA_Floor1,TypeB
1087,2025-04-05 07:40:46,30.72,37.48,BuildingA_Floor2,TypeA
1057,2025-04-06 13:20:07,29.16,36.45,BuildingB_Floor2,TypeC
1090,2025-04-02 23:30:08,31.28,68.19,BuildingB_Floor2,TypeA
1081,2025-04-03 07:15:37,16.51,47.51,BuildingB_Floor1,TypeA
1099,2025-04-04 07:53:22,20.46,57.36,BuildingA_Floor1,TypeB
1047,2025-04-02 21:18:10,20.87,44.65,BuildingA_Floor2,TypeC
1020,2025-04-05 13:25:18,23.35,31.7,BuildingB_Floor1,TypeC
1092,2025-04-02 15:50:22,23.4,60.98,BuildingA_Floor1,TypeA
1076,2025-04-03 05:52:13,27.76,75.7,BuildingA_Floor1,TypeC
1004,2025-04-05 00:24:34,24.86,68.35,BuildingB_Floor2,TypeA
1035,2025-04-02 18:18:50,21.45,72.85,BuildingA_Floor2,TypeA
1036,2025-04-06 14:17:32,26.43,62.58,BuildingA_Floor2,TypeA
1019,2025-04-02 06:21:04,30.04,49.11,BuildingA_Floor2,TypeB
1043,2025-04-04 07:34:14,28.02,60.55,BuildingB_Floor2,TypeC
1021,2025-04-02 10:46:09,21.18,48.01,BuildingB_Floor2,TypeA
1018,2025-04-07 00:00:03,19.92,53.44,BuildingA_Floor1,TypeB
1055,2025-04-05 16:42:22,21.12,76.06,BuildingB_Floor1,TypeB
1084,2025-04-06 14:53:42,28.82,69.87,BuildingA_Floor2,TypeC
1005,2025-04-02 08:17:48,33.39,51.73,BuildingA_Floor1,TypeB
1035,2025-04-04 14:39:57,18.87,47.66,BuildingA_Floor2,TypeA
1054,2025-04-05 09:09:38,16.97,61.51,BuildingB_Floor1,TypeB
1051,2025-04-02 02:21:37,21.04,50.58,BuildingA_Floor2,TypeA
1075,2025-04-06 12:00:22,32.23,37.39,BuildingA_Floor1,TypeC
1048,2025-04-05 10:26:31,27.63,59.62,BuildingA_Floor2,TypeC
1099,2025-04-03 04:43:11,33.95,67.54,BuildingA_Floor2,TypeA
1061,2025-04-06 19:42:27,33.32,75.24,BuildingA_Floor2,TypeC
1049,2025-04-02 06:14:59,30.3,56.72,BuildingA_Floor1,TypeB
1055,2025-04-02 14:36:57,34.45,63.68,BuildingA_Floor2,TypeB
1089,2025-04-02 18:52:26,26.87,36.97,BuildingB_Floor1,TypeA
1079,2025-04-05 15:39:44,17.73,70.34,BuildingB_Floor1,TypeA
1047,2025-04-06 17:57:42,21.29,73.13,BuildingA_Floor2,TypeC
1019,2025-04-05 20:33:45,21.7,63.33,BuildingA_Floor1,TypeC
1002,2025-04-06 05:48:08,32.36,42.63,BuildingA_Floor1,TypeB
1082,2025-04-03 02:50:02,15.2,69.5,BuildingB_Floor2,TypeC
1007,2025-04-06 09:36:22,33.34,53.53,BuildingB_Floor1,TypeB
1073,2025-04-06 11:12:41,28.68,67.83,BuildingA_Floor1,TypeA
1055,2025-04-03 04:46:06,34.19,64.39,BuildingA_Floor1,TypeA
1029,2025-04-04 05:12:45,20.83,42.34,BuildingB_Floor2,TypeA
1046,2025-04-05 01:37:41,23.9,35.37,BuildingB_Floor1,TypeA
1085,2025-04-02 13:02:03,25.46,71.46,BuildingB_Floor2,TypeB
1046,2025-04-04 23:06:23,28.81,64.57,BuildingB_Floor1,TypeA
1064,2025-04-05 21:47:16,25.53,36.52,BuildingA_Floor1,TypeA
1021,2025-04-06 19:03:06,18.68,78.1,BuildingA_Floor2,TypeA
1049,2025-04-05 03:20:17,31.1,62.89,BuildingA_Floor1,TypeB
1046,2025-04-06 13:12:38,34.17,65.49,BuildingA_Floor2,TypeC
1077,2025-04-04 02:19:03,21.16,50.47,BuildingB_Floor1,TypeC
1056,2025-04-02 10:14:27,21.94,62.2,BuildingB_Floor2,TypeC
1032,2025-04-05 09:44:23,33.67,37.0,BuildingB_Floor1,TypeC
1100,2025-04-03 23:17:39,23.77,41.24,BuildingB_Floor1,TypeB
1098,2025-04-03 01:05:44,21.89,30.78,BuildingB_Floor2,TypeA
1000,2025-04-02 13:46:16,28.82,38.45,BuildingA_Floor1,TypeB
1014,2025-04-04 03:02:38,22.87,47.87,BuildingB_Floor2,TypeA
1039,2025-04-03 03:11:00,30.21,57.81,BuildingB_Floor2,TypeA
1022,2025-04-06 21:28:23,27.28,70.58,BuildingA_Floor1,TypeB
1071,2025-04-03 09:25:46,31.51,59.81,BuildingA_Floor1,TypeB
1034,2025-04-04 17:19:00,23.26,56.93,BuildingB_Floor2,TypeA
1058,2025-04-06 18:44:23,21.77,71.89,BuildingB_Floor2,TypeB
1002,2025-04-03 12:10:47,18.93,36.36,BuildingB_Floor1,TypeC
1024,2025-04-02 08:38:21,32.21,68.68,BuildingA_Floor2,TypeB
1059,2025-04-02 15:58:37,19.69,70.46,BuildingB_Floor1,TypeB
1000,2025-04-04 23:06:34,17.93,74.18,BuildingA_Floor2,TypeA
1042,2025-04-06 12:48:17,20.47,66.25,BuildingA_Floor2,TypeB
1026,2025-04-06 02:02:07,22.18,60.22,BuildingA_Floor1,TypeB
1098,2025-04-06 06:20:47,25.99,73.23,BuildingB_Floor2,TypeB
1015,2025-04-05 12:29:10,22.05,76.68,BuildingB_Floor2,TypeB
1040,2025-04-02 11:39:51,15.39,71.09,BuildingB_Floor1,TypeC
1082,2025-04-04 20:51:49,21.53,59.18,BuildingA_Floor1,TypeC
1071,2025-04-04 20:01:52,26.18,45.56,BuildingA_Floor2,TypeC
1044,2025-04-03 18:39:40,26.92,39.83,BuildingA_Floor1,TypeC
1097,2025-04-05 03:04:26,25.67,76.2,BuildingB_Floor1,TypeC
1011,2025-04-06 07:07:03,15.09,75.7,BuildingB_Floor2,TypeB
1014,2025-04-06 04:44:42,24.66,78.35,BuildingB_Floor1,TypeA
1007,2025-04-05 02:00:00,22.42,66.31,BuildingB_Floor2,TypeC
1064,2025-04-06 20:45:19,32.06,63.28,BuildingA_Floor1,TypeB
1097,2025-04-02 21:19:49,24.44,73.46,BuildingB_Floor1,TypeB
1088,2025-04-02 14:36:11,17.5,44.02,BuildingB_Floor1,TypeA
1099,2025-04-05 01:46:55,30.54,67.57,BuildingA_Floor1,TypeC
1042,2025-04-03 09:46:23,32.06,45.88,BuildingA_Floor2,TypeB
1077,2025-04-03 14:49:26,25.09,64.75,BuildingB_Floor2,TypeA
1038,2025-04-06 22:57:10,32.77,41.64,BuildingA_Floor1,TypeC
1080,2025-04-06 20:34:23,22.95,31.46,BuildingB_Floor2,TypeB
1045,2025-04-05 16:44:01,19.5,43.05,BuildingA_Floor1,TypeA
1053,2025-04-06 14:05:10,25.03,59.52,BuildingA_Floor1,TypeB
1091,2025-04-03 12:04:45,29.88,30.38,BuildingB_Floor2,TypeC
1018,2025-04-06 08:44:34,21.23,49.87,BuildingB_Floor2,TypeB
1009,2025-04-03 04:34:31,15.16,40.26,BuildingB_Floor1,TypeB
1060,2025-04-05 11:35:33,19.53,42.18,BuildingB_Floor2,TypeC
1069,2025-04-04 08:31:29,25.74,48.72,BuildingB_Floor2,TypeC
1026,2025-04-04 16:51:10,32.64,78.2,BuildingA_Floor2,TypeB
1063,2025-04-04 20:12:36,30.4,75.12,BuildingA_Floor1,TypeB
1008,2025-04-03 10:20:40,23.87,30.19,BuildingB_Floor2,TypeC
1060,2025-04-02 15:48:04,28.9,36.68,BuildingB_Floor1,TypeA
1024,2025-04-02 18:22:45,23.0,31.72,BuildingB_Floor2,TypeB
1038,2025-04-07 00:32:43,32.38,75.95,BuildingB_Floor1,TypeB
1037,2025-04-02 18:42:02,15.94,74.59,BuildingA_Floor1,TypeB
1000,2025-04-06 01:39:44,29.41,56.08,BuildingB_Floor1,TypeB
1083,2025-04-05 22:03:43,26.29,45.52,BuildingB_Floor1,TypeA
1039,2025-04-03 18:16:47,31.07,39.23,BuildingB_Floor1,TypeC
1084,2025-04-04 12:17:16,26.4,35.02,BuildingA_Floor1,TypeC
1031,2025-04-05 03:25:08,27.94,34.63,BuildingA_Floor1,TypeC
1022,2025-04-02 12:37:32,18.17,31.89,BuildingA_Floor1,TypeC
1089,2025-04-06 16:02:55,21.53,33.5,BuildingA_Floor2,TypeC
1018,2025-04-02 21:15:56,20.2,61.33,BuildingB_Floor1,TypeC
1078,2025-04-03 00:13:51,34.24,34.98,BuildingB_Floor1,TypeB
1031,2025-04-04 01:28:16,18.41,34.68,BuildingA_Floor2,TypeB
1094,2025-04-06 13:13:46,22.01,60.4,BuildingB_Floor1,TypeB
1085,2025-04-06 04:39:53,18.79,66.12,BuildingB_Floor2,TypeB
1045,2025-04-03 04:06:36,22.43,50.54,BuildingA_Floor2,TypeB
1093,2025-04-05 21:29:23,28.34,44.4,BuildingB_Floor1,TypeB
1027,2025-04-06 02:17:00,28.12,64.94,BuildingA_Floor1,TypeB
1000,2025-04-03 16:49:30,28.43,65.9,BuildingA_Floor1,TypeA
1088,2025-04-03 23:30:09,31.72,67.57,BuildingA_Floor1,TypeA
1030,2025-04-06 00:43:34,24.7,72.73,BuildingA_Floor2,TypeA
1067,2025-04-03 20:06:22,18.46,51.73,BuildingA_Floor1,TypeC
1007,2025-04-06 16:46:28,19.32,41.26,BuildingA_Floor2,TypeC
1013,2025-04-06 11:27:33,15.42,70.03,BuildingA_Floor2,TypeB
1054,2025-04-05 10:33:21,30.47,49.38,BuildingB_Floor2,TypeC
1009,2025-04-02 22:58:52,17.87,52.48,BuildingA_Floor2,TypeB
1072,2025-04-04 00:08:17,16.99,46.58,BuildingA_Floor1,TypeA
1030,2025-04-06 11:07:07,26.95,45.94,BuildingB_Floor1,TypeB
1015,2025-04-02 20:27:24,23.47,78.22,BuildingB_Floor1,TypeC
1022,2025-04-02 21:08:28,15.22,77.0,BuildingB_Floor2,TypeC
1024,2025-04-03 20:52:24,33.36,33.84,BuildingA_Floor2,TypeC
1015,2025-04-02 18:26:18,19.38,40.28,BuildingA_Floor2,TypeA
1022,2025-04-02 05:19:04,30.04,46.63,BuildingB_Floor2,TypeB
1077,2025-04-04 15:55:23,20.97,70.74,BuildingB_Floor2,TypeA
1080,2025-04-04 03:53:29,16.07,72.6,BuildingB_Floor1,TypeB
1054,2025-04-06 03:33:13,22.72,52.69,BuildingB_Floor1,TypeB
1045,2025-04-02 03:33:21,29.07,48.66,BuildingB_Floor1,TypeC
1052,2025-04-06 15:18:51,28.42,34.33,BuildingA_Floor2,TypeB
1028,2025-04-04 09:27:35,22.5,76.5,BuildingA_Floor1,TypeB
1061,2025-04-04 15:33:12,15.25,60.57,BuildingA_Floor1,TypeA
1008,2025-04-02 22:20:05,23.95,38.83,BuildingA_Floor2,TypeB
1089,2025-04-04 13:50:12,21.8,43.24,BuildingB_Floor2,TypeC
1088,2025-04-03 18:32:56,22.91,53.54,BuildingB_Floor1,TypeA
1064,2025-04-04 02:37:33,16.63,54.06,BuildingB_Floor1,TypeB
1081,2025-04-03 02:35:45,23.45,69.71,BuildingB_Floor1,TypeB
1005,2025-04-03 16:50:50,18.68,67.2,BuildingB_Floor1,TypeC
1071,2025-04-06 19:38:28,27.99,54.68,BuildingB_Floor2,TypeC
